sample,rsid_root,settings_table_rsids,referenced_rsids,rsid_attributes,insertions,deletions,other_revision_markers,creator,last_modified_by,created,modified,application,app_version,profile_revisions,profile_rsids,profile_metadata,category_document,category_content,category_all
W01_baseline.docx,004B7AC9,2,1,5,0,0,0,Thabang Kubheka,Thabang Kubheka,2026-09-28T18:50:00Z,2026-09-28T18:51:00Z,Microsoft Office Word,16.0000,0,1,1,metadata-only evidence,metadata-only evidence,multiple-RSID-pattern evidence
W02_save_as_no_edit.docx,004B7AC9,4,1,5,0,0,0,Thabang Kubheka,Thabang Kubheka,2026-09-28T18:54:00Z,2026-09-28T18:54:00Z,Microsoft Office Word,16.0000,0,1,0,metadata-only evidence,metadata-only evidence,multiple-RSID-pattern evidence
W03_direct_edit.docx,004B7AC9,4,2,7,0,0,0,Thabang Kubheka,Thabang Kubheka,2026-09-28T18:50:00Z,2026-09-28T18:56:00Z,Microsoft Office Word,16.0000,0,2,1,multiple-RSID-pattern evidence,multiple-RSID-pattern evidence,multiple-RSID-pattern evidence
W04_second_edit_session.docx,004B7AC9,6,3,9,0,0,0,Thabang Kubheka,Thabang Kubheka,2026-09-28T18:50:00Z,2026-09-28T18:57:00Z,Microsoft Office Word,16.0000,0,2,1,multiple-RSID-pattern evidence,multiple-RSID-pattern evidence,multiple-RSID-pattern evidence
W05_tracked_retained.docx,004B7AC9,4,2,8,2,1,0,Thabang Kubheka,Thabang Kubheka,2026-09-28T18:50:00Z,2026-09-28T19:01:00Z,Microsoft Office Word,16.0000,2,2,1,retained tracked-revision evidence,retained tracked-revision evidence,retained tracked-revision evidence
W06_tracked_accepted.docx,004B7AC9,6,2,6,0,0,0,Thabang Kubheka,Thabang Kubheka,2026-09-28T18:50:00Z,2026-09-28T19:03:00Z,Microsoft Office Word,16.0000,0,2,1,multiple-RSID-pattern evidence,multiple-RSID-pattern evidence,multiple-RSID-pattern evidence
W07_tracked_rejected.docx,004B7AC9,6,1,5,0,0,0,Thabang Kubheka,Thabang Kubheka,2026-09-28T18:50:00Z,2026-09-28T19:04:00Z,Microsoft Office Word,16.0000,0,1,1,metadata-only evidence,metadata-only evidence,multiple-RSID-pattern evidence
W08_template_control_A.docx,00690652,2,1,5,0,0,0,Thabang Kubheka,Thabang Kubheka,2026-09-28T19:04:00Z,2026-09-28T19:05:00Z,Microsoft Office Word,16.0000,0,1,1,metadata-only evidence,metadata-only evidence,multiple-RSID-pattern evidence
W09_template_control_B.docx,00902B0C,2,1,5,0,0,0,Thabang Kubheka,Thabang Kubheka,2026-09-28T19:06:00Z,2026-09-28T19:06:00Z,Microsoft Office Word,16.0000,0,1,0,metadata-only evidence,metadata-only evidence,multiple-RSID-pattern evidence
W10_inspected.docx,004B7AC9,6,2,7,0,0,0,,,2026-09-28T19:08:00Z,2026-09-28T19:08:00Z,Microsoft Office Word,16.0000,0,2,0,multiple-RSID-pattern evidence,multiple-RSID-pattern evidence,multiple-RSID-pattern evidence
W11_file_copy.docx,004B7AC9,4,2,7,0,0,0,Thabang Kubheka,Thabang Kubheka,2026-09-28T18:50:00Z,2026-09-28T18:56:00Z,Microsoft Office Word,16.0000,0,2,1,multiple-RSID-pattern evidence,multiple-RSID-pattern evidence,multiple-RSID-pattern evidence
W12_paste_into_new.docx,004575F5,2,1,4,0,0,0,Thabang Kubheka,Thabang Kubheka,2026-09-28T19:10:00Z,2026-09-28T19:12:00Z,Microsoft Office Word,16.0000,0,1,1,metadata-only evidence,metadata-only evidence,multiple-RSID-pattern evidence
